{"assets/hexagon.svg":["assets/hexagon.svg"],"assets/icon.png":["assets/icon.png"],"assets/icons/barbell.svg":["assets/icons/barbell.svg"],"assets/icons/camera.svg":["assets/icons/camera.svg"],"assets/icons/champion.svg":["assets/icons/champion.svg"],"assets/icons/cutlery.svg":["assets/icons/cutlery.svg"],"assets/icons/dots.svg":["assets/icons/dots.svg"],"assets/icons/list.svg":["assets/icons/list.svg"],"assets/icons/question.svg":["assets/icons/question.svg"],"assets/icons/ruler.svg":["assets/icons/ruler.svg"],"assets/icons/running.svg":["assets/icons/running.svg"],"assets/icons/time.svg":["assets/icons/time.svg"],"assets/login.svg":["assets/login.svg"],"assets/macro-graph.svg":["assets/macro-graph.svg"],"assets/play.svg":["assets/play.svg"],"assets/sidebar-background.png":["assets/sidebar-background.png"],"assets/slider/activity_tracker.svg":["assets/slider/activity_tracker.svg"],"assets/slider/energizer.svg":["assets/slider/energizer.svg"],"assets/slider/healthy_lifestyle.svg":["assets/slider/healthy_lifestyle.svg"],"assets/slider/healthy_options.svg":["assets/slider/healthy_options.svg"],"assets/slider/questions.svg":["assets/slider/questions.svg"],"assets/slider/shopping_app.svg":["assets/slider/shopping_app.svg"],"assets/slider/workout.svg":["assets/slider/workout.svg"],"assets/test/avatar.png":["assets/test/avatar.png"],"assets/training-story.svg":["assets/training-story.svg"]}